"","V1"
"1","Error in FindMarkers(data.use, ident.1 = x, only.pos = T, test.use = test.use,  : 
  object 'test.use' not found
"
"2","Error in FindMarkers(data.use, ident.1 = x, only.pos = T, test.use = test.use,  : 
  object 'test.use' not found
"
"3","Error in FindMarkers(data.use, ident.1 = x, only.pos = T, test.use = test.use,  : 
  object 'test.use' not found
"
"4","Error in FindMarkers(data.use, ident.1 = x, only.pos = T, test.use = test.use,  : 
  object 'test.use' not found
"
"5","Error in FindMarkers(data.use, ident.1 = x, only.pos = T, test.use = test.use,  : 
  object 'test.use' not found
"
"6","Error in FindMarkers(data.use, ident.1 = x, only.pos = T, test.use = test.use,  : 
  object 'test.use' not found
"
"7","Error in FindMarkers(data.use, ident.1 = x, only.pos = T, test.use = test.use,  : 
  object 'test.use' not found
"
"8","Error in FindMarkers(data.use, ident.1 = x, only.pos = T, test.use = test.use,  : 
  object 'test.use' not found
"
"9","Error in FindMarkers(data.use, ident.1 = x, only.pos = T, test.use = test.use,  : 
  object 'test.use' not found
"
"10","Error in FindMarkers(data.use, ident.1 = x, only.pos = T, test.use = test.use,  : 
  object 'test.use' not found
"
"11","Error in FindMarkers(data.use, ident.1 = x, only.pos = T, test.use = test.use,  : 
  object 'test.use' not found
"
"12","Error in FindMarkers(data.use, ident.1 = x, only.pos = T, test.use = test.use,  : 
  object 'test.use' not found
"
"13","Error in FindMarkers(data.use, ident.1 = x, only.pos = T, test.use = test.use,  : 
  object 'test.use' not found
"
"14","Error in FindMarkers(data.use, ident.1 = x, only.pos = T, test.use = test.use,  : 
  object 'test.use' not found
"
"15","Error in FindMarkers(data.use, ident.1 = x, only.pos = T, test.use = test.use,  : 
  object 'test.use' not found
"
"16","Error in FindMarkers(data.use, ident.1 = x, only.pos = T, test.use = test.use,  : 
  object 'test.use' not found
"
"17","Error in FindMarkers(data.use, ident.1 = x, only.pos = T, test.use = test.use,  : 
  object 'test.use' not found
"
"18","Error in FindMarkers(data.use, ident.1 = x, only.pos = T, test.use = test.use,  : 
  object 'test.use' not found
"
"19","Error in FindMarkers(data.use, ident.1 = x, only.pos = T, test.use = test.use,  : 
  object 'test.use' not found
"
"20","Error in FindMarkers(data.use, ident.1 = x, only.pos = T, test.use = test.use,  : 
  object 'test.use' not found
"
"21","Error in FindMarkers(data.use, ident.1 = x, only.pos = T, test.use = test.use,  : 
  object 'test.use' not found
"
"22","Error in FindMarkers(data.use, ident.1 = x, only.pos = T, test.use = test.use,  : 
  object 'test.use' not found
"
"23","Error in FindMarkers(data.use, ident.1 = x, only.pos = T, test.use = test.use,  : 
  object 'test.use' not found
"
"24","Error in FindMarkers(data.use, ident.1 = x, only.pos = T, test.use = test.use,  : 
  object 'test.use' not found
"
"25","Error in FindMarkers(data.use, ident.1 = x, only.pos = T, test.use = test.use,  : 
  object 'test.use' not found
"
"26","Error in FindMarkers(data.use, ident.1 = x, only.pos = T, test.use = test.use,  : 
  object 'test.use' not found
"
"27","Error in FindMarkers(data.use, ident.1 = x, only.pos = T, test.use = test.use,  : 
  object 'test.use' not found
"
"28","Error in FindMarkers(data.use, ident.1 = x, only.pos = T, test.use = test.use,  : 
  object 'test.use' not found
"
"29","Error in FindMarkers(data.use, ident.1 = x, only.pos = T, test.use = test.use,  : 
  object 'test.use' not found
"
"30","Error in FindMarkers(data.use, ident.1 = x, only.pos = T, test.use = test.use,  : 
  object 'test.use' not found
"
"31","Error in FindMarkers(data.use, ident.1 = x, only.pos = T, test.use = test.use,  : 
  object 'test.use' not found
"
"32","Error in FindMarkers(data.use, ident.1 = x, only.pos = T, test.use = test.use,  : 
  object 'test.use' not found
"
"33","Error in FindMarkers(data.use, ident.1 = x, only.pos = T, test.use = test.use,  : 
  object 'test.use' not found
"
"34","Error in FindMarkers(data.use, ident.1 = x, only.pos = T, test.use = test.use,  : 
  object 'test.use' not found
"
"35","Error in FindMarkers(data.use, ident.1 = x, only.pos = T, test.use = test.use,  : 
  object 'test.use' not found
"
"36","Error in FindMarkers(data.use, ident.1 = x, only.pos = T, test.use = test.use,  : 
  object 'test.use' not found
"
"37","Error in FindMarkers(data.use, ident.1 = x, only.pos = T, test.use = test.use,  : 
  object 'test.use' not found
"
"38","Error in FindMarkers(data.use, ident.1 = x, only.pos = T, test.use = test.use,  : 
  object 'test.use' not found
"
"39","Error in FindMarkers(data.use, ident.1 = x, only.pos = T, test.use = test.use,  : 
  object 'test.use' not found
"
"40","Error in FindMarkers(data.use, ident.1 = x, only.pos = T, test.use = test.use,  : 
  object 'test.use' not found
"
"41","Error in FindMarkers(data.use, ident.1 = x, only.pos = T, test.use = test.use,  : 
  object 'test.use' not found
"
"42","Error in FindMarkers(data.use, ident.1 = x, only.pos = T, test.use = test.use,  : 
  object 'test.use' not found
"
"43","Error in FindMarkers(data.use, ident.1 = x, only.pos = T, test.use = test.use,  : 
  object 'test.use' not found
"
"44","Error in FindMarkers(data.use, ident.1 = x, only.pos = T, test.use = test.use,  : 
  object 'test.use' not found
"
"45","Error in FindMarkers(data.use, ident.1 = x, only.pos = T, test.use = test.use,  : 
  object 'test.use' not found
"
"46","Error in FindMarkers(data.use, ident.1 = x, only.pos = T, test.use = test.use,  : 
  object 'test.use' not found
"
"47","Error in FindMarkers(data.use, ident.1 = x, only.pos = T, test.use = test.use,  : 
  object 'test.use' not found
"
"48","Error in FindMarkers(data.use, ident.1 = x, only.pos = T, test.use = test.use,  : 
  object 'test.use' not found
"
"49","Error in FindMarkers(data.use, ident.1 = x, only.pos = T, test.use = test.use,  : 
  object 'test.use' not found
"
"50","Error in FindMarkers(data.use, ident.1 = x, only.pos = T, test.use = test.use,  : 
  object 'test.use' not found
"
"51","Error in FindMarkers(data.use, ident.1 = x, only.pos = T, test.use = test.use,  : 
  object 'test.use' not found
"
"52","Error in FindMarkers(data.use, ident.1 = x, only.pos = T, test.use = test.use,  : 
  object 'test.use' not found
"
"53","Error in FindMarkers(data.use, ident.1 = x, only.pos = T, test.use = test.use,  : 
  object 'test.use' not found
"
"54","Error in FindMarkers(data.use, ident.1 = x, only.pos = T, test.use = test.use,  : 
  object 'test.use' not found
"
"55","Error in FindMarkers(data.use, ident.1 = x, only.pos = T, test.use = test.use,  : 
  object 'test.use' not found
"
"56","Error in FindMarkers(data.use, ident.1 = x, only.pos = T, test.use = test.use,  : 
  object 'test.use' not found
"
"57","Error in FindMarkers(data.use, ident.1 = x, only.pos = T, test.use = test.use,  : 
  object 'test.use' not found
"
"58","Error in FindMarkers(data.use, ident.1 = x, only.pos = T, test.use = test.use,  : 
  object 'test.use' not found
"
"59","Error in FindMarkers(data.use, ident.1 = x, only.pos = T, test.use = test.use,  : 
  object 'test.use' not found
"
"60","Error in FindMarkers(data.use, ident.1 = x, only.pos = T, test.use = test.use,  : 
  object 'test.use' not found
"
"61","Error in FindMarkers(data.use, ident.1 = x, only.pos = T, test.use = test.use,  : 
  object 'test.use' not found
"
"62","Error in FindMarkers(data.use, ident.1 = x, only.pos = T, test.use = test.use,  : 
  object 'test.use' not found
"
"63","Error in FindMarkers(data.use, ident.1 = x, only.pos = T, test.use = test.use,  : 
  object 'test.use' not found
"
"64","Error in FindMarkers(data.use, ident.1 = x, only.pos = T, test.use = test.use,  : 
  object 'test.use' not found
"
"65","Error in FindMarkers(data.use, ident.1 = x, only.pos = T, test.use = test.use,  : 
  object 'test.use' not found
"
"66","Error in FindMarkers(data.use, ident.1 = x, only.pos = T, test.use = test.use,  : 
  object 'test.use' not found
"
"67","Error in FindMarkers(data.use, ident.1 = x, only.pos = T, test.use = test.use,  : 
  object 'test.use' not found
"
"68","Error in FindMarkers(data.use, ident.1 = x, only.pos = T, test.use = test.use,  : 
  object 'test.use' not found
"
"69","Error in FindMarkers(data.use, ident.1 = x, only.pos = T, test.use = test.use,  : 
  object 'test.use' not found
"
"70","Error in FindMarkers(data.use, ident.1 = x, only.pos = T, test.use = test.use,  : 
  object 'test.use' not found
"
"71","Error in FindMarkers(data.use, ident.1 = x, only.pos = T, test.use = test.use,  : 
  object 'test.use' not found
"
"72","Error in FindMarkers(data.use, ident.1 = x, only.pos = T, test.use = test.use,  : 
  object 'test.use' not found
"
"73","Error in FindMarkers(data.use, ident.1 = x, only.pos = T, test.use = test.use,  : 
  object 'test.use' not found
"
"74","Error in FindMarkers(data.use, ident.1 = x, only.pos = T, test.use = test.use,  : 
  object 'test.use' not found
"
"75","Error in FindMarkers(data.use, ident.1 = x, only.pos = T, test.use = test.use,  : 
  object 'test.use' not found
"
"76","Error in FindMarkers(data.use, ident.1 = x, only.pos = T, test.use = test.use,  : 
  object 'test.use' not found
"
"77","Error in FindMarkers(data.use, ident.1 = x, only.pos = T, test.use = test.use,  : 
  object 'test.use' not found
"
"78","Error in FindMarkers(data.use, ident.1 = x, only.pos = T, test.use = test.use,  : 
  object 'test.use' not found
"
"79","Error in FindMarkers(data.use, ident.1 = x, only.pos = T, test.use = test.use,  : 
  object 'test.use' not found
"
"80","Error in FindMarkers(data.use, ident.1 = x, only.pos = T, test.use = test.use,  : 
  object 'test.use' not found
"
"81","Error in FindMarkers(data.use, ident.1 = x, only.pos = T, test.use = test.use,  : 
  object 'test.use' not found
"
"82","Error in FindMarkers(data.use, ident.1 = x, only.pos = T, test.use = test.use,  : 
  object 'test.use' not found
"
"83","Error in FindMarkers(data.use, ident.1 = x, only.pos = T, test.use = test.use,  : 
  object 'test.use' not found
"
"84","Error in FindMarkers(data.use, ident.1 = x, only.pos = T, test.use = test.use,  : 
  object 'test.use' not found
"
"85","Error in FindMarkers(data.use, ident.1 = x, only.pos = T, test.use = test.use,  : 
  object 'test.use' not found
"
"86","Error in FindMarkers(data.use, ident.1 = x, only.pos = T, test.use = test.use,  : 
  object 'test.use' not found
"
"87","Error in FindMarkers(data.use, ident.1 = x, only.pos = T, test.use = test.use,  : 
  object 'test.use' not found
"
"88","Error in FindMarkers(data.use, ident.1 = x, only.pos = T, test.use = test.use,  : 
  object 'test.use' not found
"
"89","Error in FindMarkers(data.use, ident.1 = x, only.pos = T, test.use = test.use,  : 
  object 'test.use' not found
"
"90","Error in FindMarkers(data.use, ident.1 = x, only.pos = T, test.use = test.use,  : 
  object 'test.use' not found
"
"91","Error in FindMarkers(data.use, ident.1 = x, only.pos = T, test.use = test.use,  : 
  object 'test.use' not found
"
"92","Error in FindMarkers(data.use, ident.1 = x, only.pos = T, test.use = test.use,  : 
  object 'test.use' not found
"
"93","Error in FindMarkers(data.use, ident.1 = x, only.pos = T, test.use = test.use,  : 
  object 'test.use' not found
"
"94","Error in FindMarkers(data.use, ident.1 = x, only.pos = T, test.use = test.use,  : 
  object 'test.use' not found
"
"95","Error in FindMarkers(data.use, ident.1 = x, only.pos = T, test.use = test.use,  : 
  object 'test.use' not found
"
"96","Error in FindMarkers(data.use, ident.1 = x, only.pos = T, test.use = test.use,  : 
  object 'test.use' not found
"
"97","Error in FindMarkers(data.use, ident.1 = x, only.pos = T, test.use = test.use,  : 
  object 'test.use' not found
"
"98","Error in FindMarkers(data.use, ident.1 = x, only.pos = T, test.use = test.use,  : 
  object 'test.use' not found
"
"99","Error in FindMarkers(data.use, ident.1 = x, only.pos = T, test.use = test.use,  : 
  object 'test.use' not found
"
"100","Error in FindMarkers(data.use, ident.1 = x, only.pos = T, test.use = test.use,  : 
  object 'test.use' not found
"
"101","Error in FindMarkers(data.use, ident.1 = x, only.pos = T, test.use = test.use,  : 
  object 'test.use' not found
"
"102","Error in FindMarkers(data.use, ident.1 = x, only.pos = T, test.use = test.use,  : 
  object 'test.use' not found
"
"103","Error in FindMarkers(data.use, ident.1 = x, only.pos = T, test.use = test.use,  : 
  object 'test.use' not found
"
"104","Error in FindMarkers(data.use, ident.1 = x, only.pos = T, test.use = test.use,  : 
  object 'test.use' not found
"
"105","Error in FindMarkers(data.use, ident.1 = x, only.pos = T, test.use = test.use,  : 
  object 'test.use' not found
"
"106","Error in FindMarkers(data.use, ident.1 = x, only.pos = T, test.use = test.use,  : 
  object 'test.use' not found
"
"107","Error in FindMarkers(data.use, ident.1 = x, only.pos = T, test.use = test.use,  : 
  object 'test.use' not found
"
"108","Error in FindMarkers(data.use, ident.1 = x, only.pos = T, test.use = test.use,  : 
  object 'test.use' not found
"
"109","Error in FindMarkers(data.use, ident.1 = x, only.pos = T, test.use = test.use,  : 
  object 'test.use' not found
"
"110","Error in FindMarkers(data.use, ident.1 = x, only.pos = T, test.use = test.use,  : 
  object 'test.use' not found
"
"111","Error in FindMarkers(data.use, ident.1 = x, only.pos = T, test.use = test.use,  : 
  object 'test.use' not found
"
"112","Error in FindMarkers(data.use, ident.1 = x, only.pos = T, test.use = test.use,  : 
  object 'test.use' not found
"
"113","Error in FindMarkers(data.use, ident.1 = x, only.pos = T, test.use = test.use,  : 
  object 'test.use' not found
"
"114","Error in FindMarkers(data.use, ident.1 = x, only.pos = T, test.use = test.use,  : 
  object 'test.use' not found
"
