"","nGene","nUMI","orig.ident"
"10X_P7_4_AAACCTGCACGACGAA",2063,4680,"10X"
"10X_P7_4_AAACCTGGTTCCACGG",2040,4330,"10X"
"10X_P7_4_AAACCTGTCTCGATGA",2024,3851,"10X"
"10X_P7_4_AAACGGGAGCGCTCCA",1449,3902,"10X"
"10X_P7_4_AAAGCAAAGTGAATTG",832,1676,"10X"
"10X_P7_4_AAAGCAACACCGAAAG",930,2081,"10X"
"10X_P7_4_AAATGCCAGTCCATAC",3478,11645,"10X"
"10X_P7_4_AAATGCCCAGTAAGAT",2783,8805,"10X"
"10X_P7_4_AACCATGCACTGTCGG",3056,8622,"10X"
"10X_P7_4_AACGTTGTCCTCATTA",2127,4417,"10X"
"10X_P7_4_AACTCAGTCACTTCAT",1228,2689,"10X"
"10X_P7_4_AACTCTTGTCTTGCGG",1305,2485,"10X"
"10X_P7_4_AACTCTTGTTCAACCA",2629,7402,"10X"
"10X_P7_4_AACTTTCCACGAAGCA",2460,7846,"10X"
"10X_P7_4_AAGACCTAGTCCCACG",3426,11249,"10X"
"10X_P7_4_AAGACCTCAGGGTTAG",2289,5313,"10X"
"10X_P7_4_AAGACCTCAGGTTTCA",1169,2434,"10X"
"10X_P7_4_AAGACCTTCTCAAACG",2092,5379,"10X"
"10X_P7_4_AAGACCTTCTTCTGGC",2689,8823,"10X"
"10X_P7_4_AAGGAGCAGCCAGAAC",2258,7308,"10X"
"10X_P7_4_AAGGCAGAGCGTTGCC",2509,6434,"10X"
"10X_P7_4_AAGGCAGAGCTCAACT",765,1548,"10X"
"10X_P7_4_AAGGCAGGTCACCTAA",2316,5998,"10X"
"10X_P7_4_AAGGTTCCAGCTATTG",1350,2456,"10X"
"10X_P7_4_AAGGTTCGTATAGTAG",1532,6254,"10X"
"10X_P7_4_AAGTCTGGTAAGAGGA",3542,11634,"10X"
"10X_P7_4_AATCCAGCATGATCCA",1012,1604,"10X"
"10X_P7_4_AATCCAGTCAGTTAGC",1043,1883,"10X"
"10X_P7_4_AATCCAGTCTTGTCAT",3202,9617,"10X"
"10X_P7_4_AATCGGTAGACAGGCT",3176,8563,"10X"
"10X_P7_4_ACACCAAAGAAGCCCA",3163,10632,"10X"
"10X_P7_4_ACACCAACATCTCGCT",2328,6090,"10X"
"10X_P7_4_ACACCCTCAGTCGATT",2131,5142,"10X"
"10X_P7_4_ACACCCTTCGAGCCCA",2072,4654,"10X"
"10X_P7_4_ACACCGGTCTAACTGG",2566,5813,"10X"
"10X_P7_4_ACACTGACATGCCACG",2693,6524,"10X"
"10X_P7_4_ACACTGATCAACACGT",2944,7405,"10X"
"10X_P7_4_ACAGCCGGTAGCGTAG",1053,3482,"10X"
"10X_P7_4_ACATACGTCACTGGGC",2363,7418,"10X"
"10X_P7_4_ACATCAGAGAGCCCAA",2572,6928,"10X"
"10X_P7_4_ACATCAGAGTTTAGGA",2434,7028,"10X"
"10X_P7_4_ACATCAGCAGATCCAT",2165,5191,"10X"
"10X_P7_4_ACATCAGTCTCTTGAT",4096,13916,"10X"
"10X_P7_4_ACATGGTAGCTAAGAT",1656,3721,"10X"
"10X_P7_4_ACATGGTGTAAGTTCC",1142,2498,"10X"
"10X_P7_4_ACATGGTTCCACGTGG",2088,5012,"10X"
"10X_P7_4_ACCCACTAGATATACG",850,1349,"10X"
"10X_P7_4_ACCGTAAAGGATGGTC",1281,2393,"10X"
"10X_P7_4_ACCGTAACAACTTGAC",2881,8711,"10X"
"10X_P7_4_ACGAGCCAGCGCTCCA",1055,2415,"10X"
"10X_P7_4_ACGAGCCAGCTCTCGG",2530,9705,"10X"
"10X_P7_4_ACGAGGATCTCTTGAT",2608,7335,"10X"
"10X_P7_4_ACGATACAGCCGTCGT",1822,4266,"10X"
"10X_P7_4_ACGATACCACAGCGTC",2546,6933,"10X"
"10X_P7_4_ACGATGTCAAACAACA",4548,17865,"10X"
"10X_P7_4_ACGATGTCATACGCTA",2422,7586,"10X"
"10X_P7_4_ACGATGTTCTACGAGT",1483,3449,"10X"
"10X_P7_4_ACGCCGAAGCCCAACC",2926,8818,"10X"
"10X_P7_4_ACGGAGAAGCGATATA",2723,8102,"10X"
"10X_P7_4_ACGGAGAGTCACACGC",2380,6412,"10X"
"10X_P7_4_ACGGCCACAACTGCTA",2140,5575,"10X"
"10X_P7_4_ACGGGCTAGTAGATGT",993,1637,"10X"
"10X_P7_4_ACGGGCTGTTTGTTTC",2760,7406,"10X"
"10X_P7_4_ACGGGTCCAGGCTCAC",1261,3479,"10X"
"10X_P7_4_ACGGGTCGTTGTACAC",1964,4436,"10X"
"10X_P7_4_ACGTCAATCGCGCCAA",3003,7889,"10X"
"10X_P7_4_ACTGAGTCACTGCCAG",2126,4665,"10X"
"10X_P7_4_ACTGAGTTCGACCAGC",2389,6453,"10X"
"10X_P7_4_ACTGATGAGCTCTCGG",1895,4043,"10X"
"10X_P7_4_ACTGATGTCGGTTAAC",3124,9720,"10X"
"10X_P7_4_ACTGCTCAGACCCACC",2266,6506,"10X"
"10X_P7_4_ACTGCTCAGAGGGCTT",2983,10400,"10X"
"10X_P7_4_ACTGCTCAGCCTTGAT",3482,11137,"10X"
"10X_P7_4_ACTGCTCAGCTAGTTC",2674,6459,"10X"
"10X_P7_4_ACTGCTCGTGCGGTAA",1656,3598,"10X"
"10X_P7_4_ACTTACTAGAAACCGC",1232,2245,"10X"
"10X_P7_4_ACTTGTTCATCCAACA",1756,3465,"10X"
"10X_P7_4_ACTTGTTCATGACATC",2915,7763,"10X"
"10X_P7_4_AGAATAGAGCACGCCT",2558,6101,"10X"
"10X_P7_4_AGAATAGTCTCTGCTG",2203,5443,"10X"
"10X_P7_4_AGACGTTTCTCGATGA",2363,5955,"10X"
"10X_P7_4_AGAGCGAAGCACGCCT",2084,5147,"10X"
"10X_P7_4_AGAGCGAAGTGTGGCA",3365,11789,"10X"
"10X_P7_4_AGAGCGATCAATCACG",2555,7016,"10X"
"10X_P7_4_AGAGCGATCCGTAGTA",2267,5158,"10X"
"10X_P7_4_AGAGCTTAGTACGTTC",1816,3823,"10X"
"10X_P7_4_AGAGTGGAGTCCGTAT",1248,2257,"10X"
"10X_P7_4_AGAGTGGCATGCCACG",2169,4716,"10X"
"10X_P7_4_AGATCTGAGCGATCCC",2538,7199,"10X"
"10X_P7_4_AGATCTGGTCTCTTTA",2249,7796,"10X"
"10X_P7_4_AGATCTGTCTGTACGA",1702,3914,"10X"
"10X_P7_4_AGCATACGTTACGTCA",2024,4107,"10X"
"10X_P7_4_AGCGGTCAGTATCTCG",2452,7403,"10X"
"10X_P7_4_AGCGTCGGTGCAGGTA",3247,10225,"10X"
"10X_P7_4_AGCTCTCTCCCAAGTA",2472,5741,"10X"
"10X_P7_4_AGCTTGAAGGGATGGG",2274,7221,"10X"
"10X_P7_4_AGCTTGATCCACGTTC",2505,7013,"10X"
"10X_P7_4_AGGCCACAGCGCTCCA",2250,6752,"10X"
"10X_P7_4_AGGCCACGTATCGCAT",1589,3796,"10X"
"10X_P7_4_AGGCCACTCGCTTAGA",3146,9508,"10X"
"10X_P7_4_AGGTCATGTATTCGTG",1462,2932,"10X"
"10X_P7_4_AGGTCATGTCAGTGGA",2159,5817,"10X"
"10X_P7_4_AGGTCATGTTACGACT",1494,3066,"10X"
"10X_P7_4_AGGTCCGCACCACGTG",3192,10479,"10X"
"10X_P7_4_AGTCTTTCAGTGGGAT",1872,5094,"10X"
"10X_P7_4_AGTCTTTCATCATCCC",4230,18032,"10X"
"10X_P7_4_AGTCTTTGTATTACCG",3727,14485,"10X"
"10X_P7_4_AGTGAGGCACATTCGA",1210,3361,"10X"
"10X_P7_4_AGTGAGGGTAATCACC",2554,9345,"10X"
"10X_P7_4_AGTGGGACAGCCTTGG",3597,11373,"10X"
"10X_P7_4_AGTGGGATCTCTAAGG",2940,7831,"10X"
"10X_P7_4_AGTGTCAAGCCACCTG",1968,4146,"10X"
"10X_P7_4_AGTGTCACACATGGGA",1944,4204,"10X"
"10X_P7_4_AGTTGGTCAGTTAACC",1721,4294,"10X"
"10X_P7_4_AGTTGGTGTATCAGTC",2111,4787,"10X"
"10X_P7_4_AGTTGGTGTGACTACT",2701,7989,"10X"
"10X_P7_4_ATAAGAGAGGGCTCTC",2524,5725,"10X"
"10X_P7_4_ATAAGAGAGTACGCGA",1624,2958,"10X"
"10X_P7_4_ATAAGAGGTGTGCCTG",1617,3287,"10X"
"10X_P7_4_ATAGACCTCTCACATT",1125,1883,"10X"
"10X_P7_4_ATCACGATCAACACCA",2299,5773,"10X"
"10X_P7_4_ATCCACCAGAAACCTA",893,2261,"10X"
"10X_P7_4_ATCCACCGTCGACTAT",3804,12282,"10X"
"10X_P7_4_ATCCGAACAAGCCCAC",4002,13017,"10X"
"10X_P7_4_ATCCGAATCAAACCGT",2288,5500,"10X"
"10X_P7_4_ATCGAGTAGGGTGTTG",1178,2270,"10X"
"10X_P7_4_ATCGAGTGTCGAACAG",1535,2990,"10X"
"10X_P7_4_ATCTACTAGGAATCGC",2864,9072,"10X"
"10X_P7_4_ATCTACTAGTGGACGT",2161,5075,"10X"
"10X_P7_4_ATCTACTGTTGAGTTC",1733,3366,"10X"
"10X_P7_4_ATCTGCCAGGTGGGTT",3559,10808,"10X"
"10X_P7_4_ATGAGGGTCGGACAAG",3385,15481,"10X"
"10X_P7_4_ATGAGGGTCTACTTAC",2088,4742,"10X"
"10X_P7_4_ATGCGATAGATGCCAG",2756,7020,"10X"
"10X_P7_4_ATGCGATGTCGCATAT",2134,5679,"10X"
"10X_P7_4_ATGTGTGTCGGCCGAT",2365,6135,"10X"
"10X_P7_4_ATTATCCAGACTACAA",4135,14714,"10X"
"10X_P7_4_ATTATCCCACCGAATT",3139,10707,"10X"
"10X_P7_4_ATTATCCGTCTTCGTC",1676,3469,"10X"
"10X_P7_4_ATTCTACCAAACAACA",2837,7236,"10X"
"10X_P7_4_ATTCTACCATATACCG",2670,7202,"10X"
"10X_P7_4_ATTCTACTCTCCCTGA",2615,7102,"10X"
"10X_P7_4_ATTGGACCATGCAATC",3141,9166,"10X"
"10X_P7_4_ATTGGTGTCTGAGGGA",4158,14519,"10X"
"10X_P7_4_ATTTCTGCACCACCAG",2879,10150,"10X"
"10X_P7_4_ATTTCTGTCCCGGATG",2828,7902,"10X"
"10X_P7_4_ATTTCTGTCTAGAGTC",1450,3202,"10X"
"10X_P7_4_CAACCAACAAGAAGAG",2138,5302,"10X"
"10X_P7_4_CAACCAACAGCTATTG",1155,1967,"10X"
"10X_P7_4_CAACCTCCATTAGGCT",2643,6604,"10X"
"10X_P7_4_CAACTAGCACATAACC",1051,3057,"10X"
"10X_P7_4_CAACTAGGTTAGATGA",2107,5841,"10X"
"10X_P7_4_CAACTAGTCCTGTACC",1894,4985,"10X"
"10X_P7_4_CAAGAAAAGAGAGCTC",1922,4230,"10X"
"10X_P7_4_CAAGAAAGTATGGTTC",3267,10299,"10X"
"10X_P7_4_CAAGATCTCACGCGGT",2470,7136,"10X"
"10X_P7_4_CAAGTTGAGATCTGAA",1267,3183,"10X"
"10X_P7_4_CAAGTTGCAATCTGCA",1849,4970,"10X"
"10X_P7_4_CACAAACAGATGCCAG",3101,7465,"10X"
"10X_P7_4_CACAAACTCGCGATCG",3080,9401,"10X"
"10X_P7_4_CACACAAAGCCCTAAT",2347,6881,"10X"
"10X_P7_4_CACAGGCGTACTCTCC",3030,9960,"10X"
"10X_P7_4_CACAGGCGTCGAATCT",3861,13563,"10X"
"10X_P7_4_CACATAGAGGGATACC",2128,5276,"10X"
"10X_P7_4_CACATAGCACACATGT",3424,10409,"10X"
"10X_P7_4_CACATAGGTCTCTTTA",1991,4490,"10X"
"10X_P7_4_CACATAGTCCCAAGTA",5214,23885,"10X"
"10X_P7_4_CACATTTTCTGTCAAG",1829,3802,"10X"
"10X_P7_4_CACTCCATCCGCAGTG",1076,2872,"10X"
"10X_P7_4_CACTCCATCGTGTAGT",2866,7751,"10X"
"10X_P7_4_CAGAATCAGCTCCTCT",2273,4658,"10X"
"10X_P7_4_CAGAATCCAATAACGA",2698,7226,"10X"
"10X_P7_4_CAGAGAGCACCTTGTC",1446,2840,"10X"
"10X_P7_4_CAGATCAAGAAGGCCT",4136,14081,"10X"
"10X_P7_4_CAGATCACAGCTGCAC",2627,6907,"10X"
"10X_P7_4_CAGATCAGTACGCACC",1207,2161,"10X"
"10X_P7_4_CAGCAGCAGACTAGAT",1230,2083,"10X"
"10X_P7_4_CAGCAGCGTGAAAGAG",3352,13981,"10X"
"10X_P7_4_CAGCAGCGTTGTTTGG",2744,7984,"10X"
"10X_P7_4_CAGCCGACACAGTCGC",2713,7521,"10X"
"10X_P7_4_CAGCGACCAAACGCGA",930,1604,"10X"
"10X_P7_4_CAGCTAACAAGAGTCG",3803,13271,"10X"
"10X_P7_4_CAGGTGCTCACCACCT",2873,10840,"10X"
"10X_P7_4_CAGGTGCTCTCCGGTT",2605,6099,"10X"
"10X_P7_4_CAGTAACAGTGGTAAT",2446,7658,"10X"
"10X_P7_4_CAGTCCTAGGATTCGG",2608,7461,"10X"
"10X_P7_4_CAGTCCTGTGAGCGAT",1446,2591,"10X"
"10X_P7_4_CATATGGTCAGGTAAA",2768,7024,"10X"
"10X_P7_4_CATATGGTCGTTTATC",2630,7807,"10X"
"10X_P7_4_CATATTCAGACGCTTT",1298,2676,"10X"
"10X_P7_4_CATCCACCAATACGCT",1411,4485,"10X"
"10X_P7_4_CATCGAAAGGCTCTTA",2132,5354,"10X"
"10X_P7_4_CATCGAAAGTACGCGA",3106,9616,"10X"
"10X_P7_4_CATCGAATCAACGGGA",1991,5476,"10X"
"10X_P7_4_CATCGGGCAGCTGTAT",1167,2275,"10X"
"10X_P7_4_CATCGGGCATAAAGGT",1171,2020,"10X"
"10X_P7_4_CATCGGGGTCGCTTTC",2662,7726,"10X"
"10X_P7_4_CATCGGGGTTGTACAC",2080,4853,"10X"
"10X_P7_4_CATGACATCCACGTGG",1957,4092,"10X"
"10X_P7_4_CATGCCTCATTGGCGC",2910,8614,"10X"
"10X_P7_4_CATGGCGCACCCATGG",1278,2904,"10X"
"10X_P7_4_CATGGCGGTGCAGGTA",4620,24723,"10X"
"10X_P7_4_CATTCGCCATTTCACT",1973,4614,"10X"
"10X_P7_4_CCAATCCCACTACAGT",807,1923,"10X"
"10X_P7_4_CCACCTAAGGCCCGTT",3120,9476,"10X"
"10X_P7_4_CCACCTAGTCACTGGC",3759,11747,"10X"
"10X_P7_4_CCACCTATCAGCATGT",2017,5247,"10X"
"10X_P7_4_CCACGGAAGGCCCGTT",2453,9450,"10X"
"10X_P7_4_CCAGCGACACGAAAGC",3384,10543,"10X"
"10X_P7_4_CCATGTCCACTTGGAT",2765,7277,"10X"
"10X_P7_4_CCATGTCTCCCATTAT",3253,13140,"10X"
"10X_P7_4_CCCAATCCAGGTGGAT",1871,5555,"10X"
"10X_P7_4_CCCAATCTCATCTGCC",2105,5196,"10X"
"10X_P7_4_CCCAGTTCATCGTCGG",1346,3382,"10X"
"10X_P7_4_CCCATACGTAGCTAAA",1121,1909,"10X"
"10X_P7_4_CCCTCCTTCAAACAAG",552,1423,"10X"
"10X_P7_4_CCCTCCTTCATTGCGA",2566,6514,"10X"
"10X_P7_4_CCGGGATGTTGGTTTG",3130,9246,"10X"
"10X_P7_4_CCGTACTCATCGGGTC",2317,5531,"10X"
"10X_P7_4_CCGTGGAAGTAACCCT",832,1516,"10X"
"10X_P7_4_CCGTGGATCTATCCTA",2951,7851,"10X"
"10X_P7_4_CCGTTCAGTAGGCTGA",2645,7438,"10X"
"10X_P7_4_CCTAAAGGTTCGTCTC",1799,3623,"10X"
"10X_P7_4_CCTACACCAACTGCTA",2988,8268,"10X"
"10X_P7_4_CCTACCAGTAGGGTAC",2400,8496,"10X"
"10X_P7_4_CCTACCATCGCTTGTC",963,1727,"10X"
"10X_P7_4_CCTAGCTGTGCATCTA",3086,8197,"10X"
"10X_P7_4_CCTATTAGTCGCATAT",3273,18137,"10X"
"10X_P7_4_CCTCAGTCAGCAGTTT",1866,3823,"10X"
"10X_P7_4_CCTCTGAAGAAGATTC",1581,3201,"10X"
"10X_P7_4_CCTTACGGTTCATGGT",2157,4942,"10X"
"10X_P7_4_CCTTACGTCGCCAGCA",3596,12421,"10X"
"10X_P7_4_CCTTCGAAGTCTTGCA",2554,6374,"10X"
"10X_P7_4_CCTTCGAGTCACACGC",2959,9130,"10X"
"10X_P7_4_CCTTTCTTCGTAGATC",2676,6470,"10X"
"10X_P7_4_CGAATGTAGAGCTGCA",1841,5142,"10X"
"10X_P7_4_CGACTTCGTAGTACCT",2467,5826,"10X"
"10X_P7_4_CGACTTCTCTGATACG",2703,8659,"10X"
"10X_P7_4_CGAGAAGAGCAGCGTA",4513,16805,"10X"
"10X_P7_4_CGAGAAGAGCGATAGC",2172,5507,"10X"
"10X_P7_4_CGAGAAGGTTGCGTTA",1825,5916,"10X"
"10X_P7_4_CGAGAAGTCTAGCACA",1327,3117,"10X"
"10X_P7_4_CGATGGCGTACTTCTT",1866,4369,"10X"
"10X_P7_4_CGATGTATCCCTTGTG",2402,8595,"10X"
"10X_P7_4_CGATGTATCGAGAACG",2032,4329,"10X"
"10X_P7_4_CGCCAAGTCCTAGAAC",2368,7060,"10X"
"10X_P7_4_CGCGGTACAAGTACCT",2581,6961,"10X"
"10X_P7_4_CGCGGTACAGACGCCT",3719,11631,"10X"
"10X_P7_4_CGCGGTACAGCCTTGG",2192,5738,"10X"
"10X_P7_4_CGCGTTTGTTCCACAA",2407,7215,"10X"
"10X_P7_4_CGCTATCCACTGCCAG",1651,3437,"10X"
"10X_P7_4_CGCTATCCATCTATGG",2856,7315,"10X"
"10X_P7_4_CGCTGGATCTGCGACG",1932,5040,"10X"
"10X_P7_4_CGCTTCAAGATCCCAT",1974,4451,"10X"
"10X_P7_4_CGCTTCAGTAAGCACG",3254,9896,"10X"
"10X_P7_4_CGCTTCATCCGAATGT",1241,3054,"10X"
"10X_P7_4_CGGACACAGGCTACGA",1415,3415,"10X"
"10X_P7_4_CGGACACAGTAGGCCA",1352,2419,"10X"
"10X_P7_4_CGGACGTAGCTTTGGT",2443,6088,"10X"
"10X_P7_4_CGGACGTAGGCTAGCA",3304,8981,"10X"
"10X_P7_4_CGGACTGAGCAGCCTC",1820,4359,"10X"
"10X_P7_4_CGGACTGCACTGTCGG",2843,8500,"10X"
"10X_P7_4_CGGACTGGTCCGTCAG",2068,5381,"10X"
"10X_P7_4_CGGACTGGTGGTACAG",2872,9520,"10X"
"10X_P7_4_CGGAGCTCACGACGAA",2292,6427,"10X"
"10X_P7_4_CGGAGCTGTTAAGGGC",3207,9465,"10X"
"10X_P7_4_CGGAGCTTCCTGCAGG",1294,2274,"10X"
"10X_P7_4_CGGAGTCCACGAGGTA",3007,8067,"10X"
"10X_P7_4_CGGAGTCCAGACACTT",1414,2799,"10X"
"10X_P7_4_CGGAGTCTCAGCAACT",4836,18431,"10X"
"10X_P7_4_CGGCTAGGTCAGTGGA",3115,9762,"10X"
"10X_P7_4_CGGGTCATCAGGATCT",1076,2179,"10X"
"10X_P7_4_CGGGTCATCCCAGGTG",1953,5380,"10X"
"10X_P7_4_CGGGTCATCTGCGTAA",2044,4647,"10X"
"10X_P7_4_CGGTTAATCCGCAGTG",3099,8586,"10X"
"10X_P7_4_CGGTTAATCTGTCCGT",1982,5313,"10X"
"10X_P7_4_CGTAGCGCACCACGTG",2520,8172,"10X"
"10X_P7_4_CGTAGCGCATGGGAAC",3133,9526,"10X"
"10X_P7_4_CGTAGGCCATTCGACA",3607,12127,"10X"
"10X_P7_4_CGTCACTGTAACGCGA",1323,2400,"10X"
"10X_P7_4_CGTCAGGTCGGCTTGG",1951,4518,"10X"
"10X_P7_4_CGTCCATAGACAATAC",821,1377,"10X"
"10X_P7_4_CGTCCATAGGAGCGAG",3278,8994,"10X"
"10X_P7_4_CGTCCATCAGCTCGAC",1208,3278,"10X"
"10X_P7_4_CGTCTACCAAATCCGT",1684,3801,"10X"
"10X_P7_4_CGTGAGCAGGGCATGT",2333,5735,"10X"
"10X_P7_4_CGTGAGCAGTACACCT",2881,9782,"10X"
"10X_P7_4_CGTGTCTAGCGATAGC",2285,4867,"10X"
"10X_P7_4_CGTGTCTAGTGGACGT",2696,6865,"10X"
"10X_P7_4_CGTGTCTCACTCTGTC",3190,8433,"10X"
"10X_P7_4_CGTTCTGTCGTGGGAA",4452,16494,"10X"
"10X_P7_4_CTAAGACGTACATCCA",917,1536,"10X"
"10X_P7_4_CTAAGACGTGACAAAT",2583,6822,"10X"
"10X_P7_4_CTAAGACGTTGACGTT",1506,5492,"10X"
"10X_P7_4_CTAAGACTCGTGGACC",5191,20505,"10X"
"10X_P7_4_CTAATGGGTACAGTGG",2091,4772,"10X"
"10X_P7_4_CTACACCAGAAACGCC",3559,10183,"10X"
"10X_P7_4_CTACACCGTCCAGTTA",2792,8105,"10X"
"10X_P7_4_CTACATTAGTATTGGA",2262,6246,"10X"
"10X_P7_4_CTACCCACACGAAACG",3612,12857,"10X"
"10X_P7_4_CTACGTCGTCTCACCT",3633,12579,"10X"
"10X_P7_4_CTAGCCTGTTCGCGAC",1272,2424,"10X"
"10X_P7_4_CTAGTGAAGCAAATCA",3719,12488,"10X"
"10X_P7_4_CTAGTGACAATGGTCT",2505,6353,"10X"
"10X_P7_4_CTAGTGATCGTGACAT",2777,7328,"10X"
"10X_P7_4_CTAGTGATCTCCCTGA",687,1303,"10X"
"10X_P7_4_CTCAGAACACCCTATC",1635,3592,"10X"
"10X_P7_4_CTCAGAATCGCAGGCT",2923,7753,"10X"
"10X_P7_4_CTCATTACACGAAATA",3077,7684,"10X"
"10X_P7_4_CTCGAGGGTCGCATCG",2246,5522,"10X"
"10X_P7_4_CTCGGAGGTCAACTGT",4140,14718,"10X"
"10X_P7_4_CTCGGAGTCATCACCC",851,1430,"10X"
"10X_P7_4_CTCGGAGTCCTCTAGC",2117,7439,"10X"
"10X_P7_4_CTCGTCACATTATCTC",2892,8798,"10X"
"10X_P7_4_CTCGTCAGTATGAATG",3322,12966,"10X"
"10X_P7_4_CTCGTCAGTGGTCTCG",2230,6287,"10X"
"10X_P7_4_CTCTAATAGGGTCGAT",1817,4341,"10X"
"10X_P7_4_CTCTACGAGTGGAGAA",1107,1795,"10X"
"10X_P7_4_CTCTACGCAAAGCAAT",2673,7561,"10X"
"10X_P7_4_CTCTGGTAGGAGCGTT",2515,6199,"10X"
"10X_P7_4_CTCTGGTGTTCCCGAG",967,1651,"10X"
"10X_P7_4_CTCTGGTGTTTGGCGC",3228,9640,"10X"
"10X_P7_4_CTGAAACTCCGAATGT",2474,6060,"10X"
"10X_P7_4_CTGAAGTGTAGAGCTG",2405,6983,"10X"
"10X_P7_4_CTGATAGGTGAAGGCT",3197,10335,"10X"
"10X_P7_4_CTGATAGGTTAAAGAC",2891,7844,"10X"
"10X_P7_4_CTGATCCCAAGCCCAC",1066,2131,"10X"
"10X_P7_4_CTGCCTAAGGGTGTTG",3474,10677,"10X"
"10X_P7_4_CTGCGGATCGGAGCAA",2818,8555,"10X"
"10X_P7_4_CTGCTGTTCCTCGCAT",2885,8427,"10X"
"10X_P7_4_CTGTTTAGTTAAAGTG",1087,1773,"10X"
"10X_P7_4_CTGTTTATCGTCCGTT",4770,17344,"10X"
"10X_P7_4_CTTACCGAGTCCATAC",1515,2785,"10X"
"10X_P7_4_CTTACCGGTCCATCCT",2043,5662,"10X"
"10X_P7_4_CTTACCGTCTTGCAAG",1428,3622,"10X"
"10X_P7_4_CTTCTCTCACCGCTAG",2834,8425,"10X"
"10X_P7_4_CTTCTCTTCATTCACT",3538,9521,"10X"
"10X_P7_4_CTTGGCTAGACTTTCG",2984,11586,"10X"
"10X_P7_4_GAACGGACAGTCAGCC",4110,13135,"10X"
"10X_P7_4_GAACGGAGTGCGAAAC",2440,6342,"10X"
"10X_P7_4_GAACGGATCCTTCAAT",2685,7136,"10X"
"10X_P7_4_GAAGCAGTCACTATTC",1618,3055,"10X"
"10X_P7_4_GAAGCAGTCGAATCCA",1360,2365,"10X"
"10X_P7_4_GAATAAGTCCCATTAT",2489,7570,"10X"
"10X_P7_4_GAATGAATCGAATGCT",963,2445,"10X"
"10X_P7_4_GACACGCAGGGTTCCC",3063,9076,"10X"
"10X_P7_4_GACACGCCAGCCTTGG",3177,8791,"10X"
"10X_P7_4_GACACGCCATTTCAGG",3084,9003,"10X"
"10X_P7_4_GACAGAGAGATCGATA",2852,7710,"10X"
"10X_P7_4_GACAGAGGTATTCGTG",2766,8711,"10X"
"10X_P7_4_GACAGAGGTGCACGAA",2217,5562,"10X"
"10X_P7_4_GACCTGGTCATAACCG",752,1997,"10X"
"10X_P7_4_GACGTTAAGTGTACCT",1393,2568,"10X"
"10X_P7_4_GACGTTATCCACGAAT",3376,10831,"10X"
"10X_P7_4_GACTACACAAGCTGAG",1210,2175,"10X"
"10X_P7_4_GACTACAGTAGCGTGA",2586,6831,"10X"
"10X_P7_4_GACTGCGGTGCAACTT",1528,2943,"10X"
"10X_P7_4_GAGCAGAAGATATGCA",3152,8779,"10X"
"10X_P7_4_GATCAGTAGTCTCCTC",836,1373,"10X"
"10X_P7_4_GATCAGTGTTTGCATG",3541,10180,"10X"
"10X_P7_4_GATCGATCACATGGGA",1135,2658,"10X"
"10X_P7_4_GATCGCGAGGGCTCTC",2506,6600,"10X"
"10X_P7_4_GATCGCGGTTGCGCAC",2683,8252,"10X"
"10X_P7_4_GATCGTATCTCGGACG",2750,7120,"10X"
"10X_P7_4_GATCTAGGTCTAGAGG",3487,15784,"10X"
"10X_P7_4_GATGAAAAGAAGATTC",2886,7886,"10X"
"10X_P7_4_GATGAAAAGACGACGT",1867,5867,"10X"
"10X_P7_4_GATTCAGCACAGCGTC",2401,6111,"10X"
"10X_P7_4_GCAAACTAGCCCTAAT",2653,7966,"10X"
"10X_P7_4_GCAAACTGTCAGAGGT",1784,3892,"10X"
"10X_P7_4_GCAAACTGTTTCCACC",1548,3230,"10X"
"10X_P7_4_GCACTCTGTAAACCTC",2240,5675,"10X"
"10X_P7_4_GCAGCCAGTTGAACTC",3209,10686,"10X"
"10X_P7_4_GCAGTTAAGTATTGGA",1992,4381,"10X"
"10X_P7_4_GCAGTTATCGCACTCT",1672,3658,"10X"
"10X_P7_4_GCATACATCCCTGACT",2573,6887,"10X"
"10X_P7_4_GCATGCGCAGCTGCTG",3787,16904,"10X"
"10X_P7_4_GCATGTACACCTCGTT",1377,2960,"10X"
"10X_P7_4_GCCAAATAGATATACG",1827,4583,"10X"
"10X_P7_4_GCCAAATCACCATCCT",3402,9764,"10X"
"10X_P7_4_GCCTCTACATCGGAAG",4233,14076,"10X"
"10X_P7_4_GCCTCTATCAAGAAGT",1434,2752,"10X"
"10X_P7_4_GCGACCAAGTGACATA",2162,6446,"10X"
"10X_P7_4_GCGAGAAGTCGAGTTT",2556,6853,"10X"
"10X_P7_4_GCGCCAAAGGCATTGG",5222,21977,"10X"
"10X_P7_4_GCGCGATGTGCTGTAT",799,1624,"10X"
"10X_P7_4_GCGCGATTCTTGCATT",2266,5583,"10X"
"10X_P7_4_GCTCCTAGTCTAAAGA",2425,6496,"10X"
"10X_P7_4_GCTCTGTAGTCGTTTG",1062,1768,"10X"
"10X_P7_4_GCTCTGTGTCTAAAGA",1408,2812,"10X"
"10X_P7_4_GCTGCAGAGCCCTAAT",2010,5127,"10X"
"10X_P7_4_GCTGCAGTCAACGGGA",2231,4977,"10X"
"10X_P7_4_GCTGCAGTCGTTTGCC",2111,5455,"10X"
"10X_P7_4_GCTGCAGTCTGCGACG",686,1602,"10X"
"10X_P7_4_GCTGCGAAGAACAACT",2489,6816,"10X"
"10X_P7_4_GCTGCGAGTAAACGCG",2124,4891,"10X"
"10X_P7_4_GCTGCGATCGAATGCT",2012,4788,"10X"
"10X_P7_4_GCTGCTTCAGCTGTAT",2451,6372,"10X"
"10X_P7_4_GCTGCTTTCCAATGGT",2419,7432,"10X"
"10X_P7_4_GCTGGGTCAATGAATG",1673,3864,"10X"
"10X_P7_4_GCTTCCAAGTGAAGTT",3619,16358,"10X"
"10X_P7_4_GCTTCCACACGAGGTA",3303,9915,"10X"
"10X_P7_4_GGAAAGCAGGAGTAGA",2706,7290,"10X"
"10X_P7_4_GGAACTTTCTGAGTGT",1909,6048,"10X"
"10X_P7_4_GGACAGAAGTCAAGGC",2809,7440,"10X"
"10X_P7_4_GGACGTCAGGGTGTTG",1671,3343,"10X"
"10X_P7_4_GGACGTCCACGCGAAA",2577,5289,"10X"
"10X_P7_4_GGAGCAATCTGTCAAG",1728,3753,"10X"
"10X_P7_4_GGATGTTAGTGTACGG",1624,3134,"10X"
"10X_P7_4_GGATGTTTCGTGGTCG",1521,3459,"10X"
"10X_P7_4_GGATTACAGAGGACGG",1857,5093,"10X"
"10X_P7_4_GGATTACCACGGTAAG",2630,7141,"10X"
"10X_P7_4_GGATTACGTGCCTGTG",742,2072,"10X"
"10X_P7_4_GGCAATTCATGATCCA",4228,13185,"10X"
"10X_P7_4_GGCAATTGTAAATACG",1904,5209,"10X"
"10X_P7_4_GGCCGATCAAGGACTG",1068,1828,"10X"
"10X_P7_4_GGCGACTCAAATCCGT",2927,7962,"10X"
"10X_P7_4_GGCGACTCAGTATAAG",1415,4193,"10X"
"10X_P7_4_GGCGTGTCAATCCAAC",1170,2153,"10X"
"10X_P7_4_GGCTCGACAAGCTGTT",3250,10691,"10X"
"10X_P7_4_GGCTCGATCACATACG",935,1742,"10X"
"10X_P7_4_GGCTGGTCAGGGCATA",1156,1894,"10X"
"10X_P7_4_GGCTGGTGTGTCGCTG",6066,33821,"10X"
"10X_P7_4_GGGAATGTCCGCAGTG",2690,6811,"10X"
"10X_P7_4_GGGACCTCACTCTGTC",1308,2632,"10X"
"10X_P7_4_GGGACCTCAGACGCAA",2854,9369,"10X"
"10X_P7_4_GGGACCTGTTATCGGT",2383,5629,"10X"
"10X_P7_4_GGGAGATAGGTGCTTT",2576,7226,"10X"
"10X_P7_4_GGGATGATCCGAAGAG",956,2343,"10X"
"10X_P7_4_GGGCATCCAGTCGATT",3167,10460,"10X"
"10X_P7_4_GGGCATCGTACCCAAT",2141,5762,"10X"
"10X_P7_4_GGGTCTGCATTGTGCA",2931,8366,"10X"
"10X_P7_4_GGTATTGCACAGAGGT",2576,7341,"10X"
"10X_P7_4_GGTATTGGTCGGCACT",2208,6037,"10X"
"10X_P7_4_GGTGAAGTCGACCAGC",1577,3391,"10X"
"10X_P7_4_GGTGCGTGTATATCCG",1415,3021,"10X"
"10X_P7_4_GGTGTTAAGCTAGTGG",1714,3486,"10X"
"10X_P7_4_GGTGTTATCAGTGCAT",1879,4723,"10X"
"10X_P7_4_GTAACGTAGCTAACAA",1998,4380,"10X"
"10X_P7_4_GTAACGTGTCTTGTCC",1772,4353,"10X"
"10X_P7_4_GTAACGTGTTGAGTTC",1430,2564,"10X"
"10X_P7_4_GTAACGTGTTTGCATG",1599,3007,"10X"
"10X_P7_4_GTAACTGGTAAGTTCC",2194,5688,"10X"
"10X_P7_4_GTAACTGGTCGCGTGT",2625,6774,"10X"
"10X_P7_4_GTAGGCCAGCTAACAA",1973,4765,"10X"
"10X_P7_4_GTAGGCCCAGCCTATA",1171,2118,"10X"
"10X_P7_4_GTAGGCCTCAACGGGA",2046,4639,"10X"
"10X_P7_4_GTAGGCCTCTCGAGTA",2558,6914,"10X"
"10X_P7_4_GTATCTTAGGTGATAT",4766,15469,"10X"
"10X_P7_4_GTATCTTTCATCGGAT",2528,6627,"10X"
"10X_P7_4_GTATTCTTCACCATAG",5352,22843,"10X"
"10X_P7_4_GTATTCTTCCGTCATC",3060,8328,"10X"
"10X_P7_4_GTCAAGTAGAGGTTGC",4384,14837,"10X"
"10X_P7_4_GTCACAAGTTCCTCCA",831,1333,"10X"
"10X_P7_4_GTCACGGCATGGATGG",3007,8468,"10X"
"10X_P7_4_GTCATTTAGTGTGAAT",2170,5034,"10X"
"10X_P7_4_GTCATTTGTAGGAGTC",3714,11193,"10X"
"10X_P7_4_GTCATTTTCACCGTAA",947,1427,"10X"
"10X_P7_4_GTCATTTTCCCAACGG",2035,5138,"10X"
"10X_P7_4_GTCCTCACATTCTCAT",2296,5865,"10X"
"10X_P7_4_GTCCTCATCTGTCCGT",855,2201,"10X"
"10X_P7_4_GTCGTAAAGCTGATAA",2282,5780,"10X"
"10X_P7_4_GTCGTAATCCTAGGGC",3850,12410,"10X"
"10X_P7_4_GTCGTAATCTTTAGTC",2263,6879,"10X"
"10X_P7_4_GTCTTCGAGCGTCTAT",2614,7988,"10X"
"10X_P7_4_GTGCAGCAGATGCGAC",3943,13295,"10X"
"10X_P7_4_GTGCAGCGTTGGAGGT",686,1374,"10X"
"10X_P7_4_GTGCATACACGCTTTC",4585,15823,"10X"
"10X_P7_4_GTGCATACATGGTCTA",1143,2078,"10X"
"10X_P7_4_GTGCGGTCACGAAATA",2853,10522,"10X"
"10X_P7_4_GTGCTTCCACATAACC",2265,7325,"10X"
"10X_P7_4_GTGGGTCAGAGGTTGC",3153,12680,"10X"
"10X_P7_4_GTGGGTCCAAGCTGAG",2115,5620,"10X"
"10X_P7_4_GTGGGTCTCCAGAGGA",2095,5226,"10X"
"10X_P7_4_GTGTTAGAGCTGCAAG",1189,2211,"10X"
"10X_P7_4_GTGTTAGCAACTGCTA",1834,3694,"10X"
"10X_P7_4_GTTAAGCCATTCTCAT",3596,11882,"10X"
"10X_P7_4_GTTAAGCTCAAGGTAA",2357,6846,"10X"
"10X_P7_4_GTTCATTAGAGTCTGG",1908,4027,"10X"
"10X_P7_4_GTTCGGGAGCTTATCG",2580,6615,"10X"
"10X_P7_4_GTTCTCGAGGCATGTG",2132,4967,"10X"
"10X_P7_4_GTTCTCGAGTACGTTC",2016,6165,"10X"
"10X_P7_4_GTTCTCGGTCTAGCGC",1513,3077,"10X"
"10X_P7_4_GTTTCTACAGATCCAT",5533,27367,"10X"
"10X_P7_4_TAAACCGAGCCACCTG",2508,6153,"10X"
"10X_P7_4_TAAGAGACACGTAAGG",3126,9176,"10X"
"10X_P7_4_TAAGAGACATGGATGG",2601,8067,"10X"
"10X_P7_4_TAAGAGATCCCGGATG",1753,3557,"10X"
"10X_P7_4_TACAGTGGTTCCACGG",2750,11566,"10X"
"10X_P7_4_TACCTATAGCGAGAAA",2480,6802,"10X"
"10X_P7_4_TACCTATGTCGCATCG",4655,17958,"10X"
"10X_P7_4_TACCTTAGTCCAACTA",1618,3735,"10X"
"10X_P7_4_TACCTTATCGTGGGAA",1569,3931,"10X"
"10X_P7_4_TACGGATAGGCAATTA",2003,4239,"10X"
"10X_P7_4_TACGGATCATGGAATA",2913,7934,"10X"
"10X_P7_4_TACGGATGTATAAACG",3773,13869,"10X"
"10X_P7_4_TACGGGCAGTCTCGGC",2515,5809,"10X"
"10X_P7_4_TACGGTAAGAGTAATC",3036,8798,"10X"
"10X_P7_4_TACGGTAAGCTACCTA",4054,14869,"10X"
"10X_P7_4_TACGGTACAAGTTCTG",2191,4829,"10X"
"10X_P7_4_TACTCATTCAAGGTAA",2268,5124,"10X"
"10X_P7_4_TACTCGCGTCTTGCGG",2544,6495,"10X"
"10X_P7_4_TACTTACTCTCCAACC",2785,9066,"10X"
"10X_P7_4_TAGCCGGGTCGAACAG",2923,8095,"10X"
"10X_P7_4_TAGCCGGGTTCGTGAT",816,1938,"10X"
"10X_P7_4_TAGGCATGTCTCCATC",3518,10929,"10X"
"10X_P7_4_TAGGCATTCAAACCAC",1725,3994,"10X"
"10X_P7_4_TAGTTGGAGTGTTGAA",2309,6982,"10X"
"10X_P7_4_TAGTTGGGTAGTACCT",953,1700,"10X"
"10X_P7_4_TAGTTGGTCACGAAGG",2287,5373,"10X"
"10X_P7_4_TATCTCAAGCTACCTA",4088,14698,"10X"
"10X_P7_4_TATCTCACAAGGACAC",2244,4953,"10X"
"10X_P7_4_TATCTCACAATCACAC",1090,2634,"10X"
"10X_P7_4_TATTACCCACCGAAAG",1099,2922,"10X"
"10X_P7_4_TATTACCTCGTAGGTT",2349,6102,"10X"
"10X_P7_4_TCAACGAAGACGCTTT",2833,8518,"10X"
"10X_P7_4_TCAACGATCTTTAGGG",1912,4500,"10X"
"10X_P7_4_TCACAAGAGTAGCGGT",1173,2900,"10X"
"10X_P7_4_TCAGCTCAGTCGCCGT",1504,2873,"10X"
"10X_P7_4_TCAGCTCAGTGCTGCC",2515,8164,"10X"
"10X_P7_4_TCAGCTCGTGGACGAT",2160,6988,"10X"
"10X_P7_4_TCAGCTCGTTGATTGC",2632,6682,"10X"
"10X_P7_4_TCAGGATCACTGTGTA",2406,5778,"10X"
"10X_P7_4_TCAGGATGTCTAGTCA",4173,14161,"10X"
"10X_P7_4_TCAGGTACATAACCTG",5909,30259,"10X"
"10X_P7_4_TCATTACCACATCTTT",2408,6239,"10X"
"10X_P7_4_TCATTACTCACCGTAA",3721,12783,"10X"
"10X_P7_4_TCCACACCACTCGACG",3194,11701,"10X"
"10X_P7_4_TCCCGATTCCATGAAC",2150,5843,"10X"
"10X_P7_4_TCCCGATTCCGTAGGC",2989,8741,"10X"
"10X_P7_4_TCGAGGCGTATGCTTG",2447,6401,"10X"
"10X_P7_4_TCGAGGCTCTGAGTGT",2139,4566,"10X"
"10X_P7_4_TCGCGAGGTTGGGACA",2224,5202,"10X"
"10X_P7_4_TCGGGACAGTCAAGGC",1531,3351,"10X"
"10X_P7_4_TCGGGACCAGGTGCCT",2549,8190,"10X"
"10X_P7_4_TCGGGACCATCACCCT",2068,5157,"10X"
"10X_P7_4_TCGGGACGTTCGGGCT",1821,3873,"10X"
"10X_P7_4_TCGGTAACATTGGCGC",3069,8813,"10X"
"10X_P7_4_TCGTACCAGTTACGGG",2505,7196,"10X"
"10X_P7_4_TCGTACCTCAACGCTA",1431,3539,"10X"
"10X_P7_4_TCGTACCTCTGTACGA",1276,3360,"10X"
"10X_P7_4_TCGTAGATCGCATGGC",747,1316,"10X"
"10X_P7_4_TCTATTGCACTGAAGG",2162,6137,"10X"
"10X_P7_4_TCTCATAGTGTAACGG",2624,7888,"10X"
"10X_P7_4_TCTGAGACAGCTGTGC",2510,8371,"10X"
"10X_P7_4_TCTGGAATCGAGCCCA",1380,3001,"10X"
"10X_P7_4_TCTTCGGGTAGGACAC",1568,4086,"10X"
"10X_P7_4_TCTTTCCGTCGCGTGT",2467,6719,"10X"
"10X_P7_4_TGACAACAGATATGGT",2965,9348,"10X"
"10X_P7_4_TGACGGCAGAGAGCTC",2830,7155,"10X"
"10X_P7_4_TGACGGCGTAAGTAGT",2078,5374,"10X"
"10X_P7_4_TGACTTTCATTCTCAT",1788,3408,"10X"
"10X_P7_4_TGACTTTTCAAACCGT",2332,5229,"10X"
"10X_P7_4_TGACTTTTCGTAGATC",2939,8009,"10X"
"10X_P7_4_TGAGCATCATGCTGGC",3376,10172,"10X"
"10X_P7_4_TGAGCCGGTCGGCATC",2145,4943,"10X"
"10X_P7_4_TGAGGGAAGCGTGAAC",1491,2647,"10X"
"10X_P7_4_TGAGGGACATACCATG",2617,7766,"10X"
"10X_P7_4_TGCACCTCAAGTTCTG",1950,4710,"10X"
"10X_P7_4_TGCACCTCAGCCTGTG",2223,5271,"10X"
"10X_P7_4_TGCACCTTCCAAGTAC",3059,8912,"10X"
"10X_P7_4_TGCCAAAGTGTGCCTG",2751,9925,"10X"
"10X_P7_4_TGCCCATTCTGCTTGC",1203,2472,"10X"
"10X_P7_4_TGCCCTACATGGAATA",914,1500,"10X"
"10X_P7_4_TGCGCAGCACTTCGAA",1948,4349,"10X"
"10X_P7_4_TGCGGGTCAGATGGGT",2084,4796,"10X"
"10X_P7_4_TGCGGGTGTATGGTTC",1707,3854,"10X"
"10X_P7_4_TGCGTGGGTAGCTGCC",3659,11288,"10X"
"10X_P7_4_TGCGTGGTCCAGGGCT",3141,8880,"10X"
"10X_P7_4_TGCTACCTCACAAACC",2833,9748,"10X"
"10X_P7_4_TGCTACCTCCCTTGCA",2869,9372,"10X"
"10X_P7_4_TGCTGCTCATCGACGC",2348,6558,"10X"
"10X_P7_4_TGCTGCTGTAACGTTC",1507,2813,"10X"
"10X_P7_4_TGGACGCCACGGACAA",2033,4506,"10X"
"10X_P7_4_TGGACGCCACTTACGA",2554,6701,"10X"
"10X_P7_4_TGGACGCGTTACGACT",1134,2032,"10X"
"10X_P7_4_TGGACGCTCTGGCGTG",914,1490,"10X"
"10X_P7_4_TGGCGCAGTAAGTAGT",2370,11129,"10X"
"10X_P7_4_TGGCTGGTCGAATGCT",1808,4233,"10X"
"10X_P7_4_TGGGAAGAGGCGCTCT",1604,3339,"10X"
"10X_P7_4_TGGGAAGGTACAAGTA",2958,10636,"10X"
"10X_P7_4_TGGGCGTCATAGGATA",2580,6231,"10X"
"10X_P7_4_TGGTTAGCAAGAAGAG",3929,14168,"10X"
"10X_P7_4_TGGTTAGCATGTCGAT",2000,4526,"10X"
"10X_P7_4_TGTATTCAGCAGCCTC",2711,7347,"10X"
"10X_P7_4_TGTATTCAGCGAAGGG",1872,4092,"10X"
"10X_P7_4_TGTCCCACAGCTGTTA",2411,7955,"10X"
"10X_P7_4_TGTCCCAGTCGCGTGT",1196,2382,"10X"
"10X_P7_4_TGTGGTAGTTCCAACA",972,1916,"10X"
"10X_P7_4_TGTGTTTCATTACGAC",1927,5845,"10X"
"10X_P7_4_TTAGGCACAGAAGCAC",3628,11309,"10X"
"10X_P7_4_TTAGGCAGTACTCGCG",1498,2870,"10X"
"10X_P7_4_TTAGTTCAGCTAACAA",3108,9302,"10X"
"10X_P7_4_TTAGTTCCATCCGGGT",2591,6469,"10X"
"10X_P7_4_TTAGTTCGTCTTCTCG",1342,2495,"10X"
"10X_P7_4_TTAGTTCTCTCTGCTG",1582,3338,"10X"
"10X_P7_4_TTATGCTTCCCAAGTA",3372,10829,"10X"
"10X_P7_4_TTATGCTTCCTTAATC",3130,9302,"10X"
"10X_P7_4_TTCCCAGCATAAGACA",1868,4755,"10X"
"10X_P7_4_TTCCCAGGTTGTTTGG",1383,2640,"10X"
"10X_P7_4_TTCGGTCAGACAATAC",2319,5363,"10X"
"10X_P7_4_TTCGGTCCAATCCGAT",3298,9277,"10X"
"10X_P7_4_TTCGGTCCACTGTTAG",2642,6264,"10X"
"10X_P7_4_TTCGGTCTCAGCTCTC",625,1342,"10X"
"10X_P7_4_TTCTACAAGAGCAATT",1930,4098,"10X"
"10X_P7_4_TTCTCCTTCACCGTAA",3226,10013,"10X"
"10X_P7_4_TTCTTAGGTTTGGGCC",825,1968,"10X"
"10X_P7_4_TTCTTAGTCATGGTCA",808,1710,"10X"
"10X_P7_4_TTGCCGTAGCTATGCT",2246,4864,"10X"
"10X_P7_4_TTGCCGTGTTGCGCAC",1898,4894,"10X"
"10X_P7_4_TTGCCGTGTTGTTTGG",2806,7885,"10X"
"10X_P7_4_TTGCGTCAGCAGATCG",702,2148,"10X"
"10X_P7_4_TTGGAACAGTTGCAGG",2263,6434,"10X"
"10X_P7_4_TTGTAGGAGGTGGGTT",2623,7660,"10X"
"10X_P7_4_TTTACTGCAGACGCTC",2420,6650,"10X"
"10X_P7_4_TTTATGCTCGATAGAA",2864,7940,"10X"
"10X_P7_4_TTTCCTCGTATCACCA",2860,12142,"10X"
"10X_P7_4_TTTCCTCTCCAGGGCT",2507,6458,"10X"
"10X_P7_4_TTTGCGCAGGACAGCT",1637,3312,"10X"
"10X_P7_4_TTTGGTTCAGACTCGC",1369,3237,"10X"
"10X_P7_4_TTTGTCAAGTGGAGAA",2011,5522,"10X"
"10X_P7_4_TTTGTCACAAGCCATT",2598,7258,"10X"
"10X_P7_4_TTTGTCAGTCGATTGT",1912,3921,"10X"
"10X_P7_4_TTTGTCAGTGCGCTTG",3055,8662,"10X"
